{
    "completeness_score": 0.9996719698212236,
    "uniqueness_score": 0.19009348860095127,
    "consistency_score": 0.9996719698212236,
    "average_readability": 1.0,
    "overall_score": 79.73593570608496,
    "color": "Red"
}